{
  "x": 29.750645066112607,
  "y": 42.09635377951333,
  "w": 536.0872359356414,
  "h": 753.1027199958473
}